City_ID,City,Lat,Lng,Max Temp,Humidity,Cloudiness,Wind Speed,Country,Date
0,Dingle,10.9995,122.6711,73.22,89,40,6.87,PH,2021-12-05 22:39:19
1,Puerto Ayora,-0.7393,-90.3518,76.96,85,53,9.62,EC,2021-12-05 22:39:19
2,Bredasdorp,-34.5322,20.0403,60.28,96,100,8.48,ZA,2021-12-05 22:39:20
3,Geraldton,-28.7667,114.6,64.81,82,1,8.05,AU,2021-12-05 22:39:20
4,Sarti,40.1,23.9833,57.61,80,28,6.51,GR,2021-12-05 22:39:20
5,Hamilton,39.1834,-84.5333,61.43,80,90,1.99,US,2021-12-05 22:35:27
6,Tiksi,71.6872,128.8694,-16.01,95,100,6.11,RU,2021-12-05 22:39:21
7,Mangai,-4.05,19.5333,69.94,98,100,0.87,CD,2021-12-05 22:39:21
8,Ribeira Grande,38.5167,-28.7,63.93,73,72,7.83,PT,2021-12-05 22:39:21
9,Lasa,46.6166,10.7002,27.48,92,95,5.59,IT,2021-12-05 22:34:32
10,Vagur,61.4732,-6.8119,41.59,63,75,22.59,FO,2021-12-05 22:39:21
11,Bluff,-46.6,168.3333,53.8,50,59,14.12,NZ,2021-12-05 22:39:22
12,Albany,42.6001,-73.9662,37.81,60,97,4.61,US,2021-12-05 22:38:05
13,Port-Gentil,-0.7193,8.7815,80.56,94,75,8.05,GA,2021-12-05 22:39:22
14,Karpogory,64.0019,44.4451,-1.34,100,64,3.06,RU,2021-12-05 22:39:22
15,Qaanaaq,77.484,-69.3632,20.52,81,100,6.4,GL,2021-12-05 22:39:23
16,Atuona,-9.8,-139.0333,78.46,76,5,18.14,PF,2021-12-05 22:39:23
17,Hermanus,-34.4187,19.2345,60.91,94,100,10.36,ZA,2021-12-05 22:39:23
18,Esil,51.9556,66.4042,17.83,95,98,6.89,KZ,2021-12-05 22:39:24
19,Lazurne,46.084,32.5295,39.02,81,100,14.03,UA,2021-12-05 22:39:24
20,Vila Velha,-20.3297,-40.2925,78.75,87,40,7.0,BR,2021-12-05 22:38:08
21,Mayo,38.8876,-76.5119,50.86,62,75,0.0,US,2021-12-05 22:39:24
22,Herat,34.5,62.0,43.23,41,0,6.51,AF,2021-12-05 22:39:24
23,Hobart,-42.8794,147.3294,63.01,57,40,5.01,AU,2021-12-05 22:39:25
24,Hot Springs,34.5037,-93.0552,72.0,81,75,8.01,US,2021-12-05 22:36:18
25,Rikitea,-23.1203,-134.9692,76.5,74,99,8.61,PF,2021-12-05 22:39:25
26,Hilo,19.7297,-155.09,76.73,88,75,14.97,US,2021-12-05 22:39:25
27,Zhezkazgan,47.8043,67.7144,31.6,93,100,6.96,KZ,2021-12-05 22:39:26
28,Seda,57.65,25.75,2.32,96,71,5.35,LV,2021-12-05 22:39:26
29,Yellowknife,62.456,-114.3525,-19.59,84,20,3.44,CA,2021-12-05 22:35:01
30,Jamestown,42.097,-79.2353,43.92,49,90,11.01,US,2021-12-05 22:38:06
31,Saint George,37.1041,-113.5841,72.36,24,1,1.99,US,2021-12-05 22:35:41
32,Chuy,-33.6971,-53.4616,65.3,82,98,7.87,UY,2021-12-05 22:39:27
33,Brae,60.3964,-1.353,40.91,62,78,8.14,GB,2021-12-05 22:39:27
34,Lebu,-37.6167,-73.65,61.21,74,0,14.38,CL,2021-12-05 22:39:27
35,Leshukonskoye,64.8989,45.7622,4.1,93,24,4.72,RU,2021-12-05 22:39:27
36,Provideniya,64.3833,-173.3,30.31,93,90,22.37,RU,2021-12-05 22:39:28
37,Castro,-24.7911,-50.0119,63.46,90,88,3.58,BR,2021-12-05 22:39:28
38,Oranjestad,12.524,-70.027,84.15,70,20,20.71,AW,2021-12-05 22:39:28
39,Torbay,47.6666,-52.7314,32.68,74,20,6.91,CA,2021-12-05 22:39:29
40,Avarua,-21.2078,-159.775,82.45,83,49,8.05,CK,2021-12-05 22:39:29
41,Tuktoyaktuk,69.4541,-133.0374,-18.4,76,40,8.05,CA,2021-12-05 22:39:29
42,Kruisfontein,-34.0033,24.7314,62.89,92,73,10.11,ZA,2021-12-05 22:39:30
43,Port Lincoln,-34.7333,135.8667,64.36,61,3,5.55,AU,2021-12-05 22:39:30
44,Clovis,36.8252,-119.7029,77.68,87,90,0.0,US,2021-12-05 22:41:23
45,Busselton,-33.65,115.3333,61.05,67,58,17.4,AU,2021-12-05 22:41:23
46,Asyut,27.181,31.1837,53.78,60,99,5.88,EG,2021-12-05 22:41:24
47,Mataura,-46.1927,168.8643,55.47,47,92,5.06,NZ,2021-12-05 22:41:24
48,Nhulunbuy,-12.2333,136.7667,84.81,70,69,2.3,AU,2021-12-05 22:41:24
49,Dondo,-19.6094,34.7431,76.51,93,0,2.59,MZ,2021-12-05 22:41:25
50,Nabire,-3.3667,135.4833,81.43,73,91,4.21,ID,2021-12-05 22:41:25
51,Mount Isa,-20.7333,139.5,76.77,65,100,16.11,AU,2021-12-05 22:41:25
52,Vaini,-21.2,-175.2,80.76,89,75,13.8,TO,2021-12-05 22:41:25
53,Bowen,-20.0167,148.2333,84.42,59,15,15.86,AU,2021-12-05 22:41:26
54,Wanaka,-44.7,169.15,50.11,68,98,5.01,NZ,2021-12-05 22:39:14
55,Ushuaia,-54.8,-68.3,49.66,57,40,28.77,AR,2021-12-05 22:41:26
56,Gorontalo,0.5412,123.0595,78.64,89,89,2.77,ID,2021-12-05 22:41:26
57,Klamath Falls,42.2249,-121.7817,57.96,24,1,3.0,US,2021-12-05 22:41:27
58,East London,-33.0153,27.9116,68.79,94,100,4.61,ZA,2021-12-05 22:37:38
59,Bethel,41.3712,-73.414,43.12,53,1,4.61,US,2021-12-05 22:36:58
60,Auki,-8.7676,160.7034,81.66,85,98,10.4,SB,2021-12-05 22:41:27
61,Nikolskoye,59.7035,30.7861,-0.6,97,8,4.56,RU,2021-12-05 22:41:27
62,Acapulco,16.8634,-99.8901,85.82,70,1,8.05,MX,2021-12-05 22:38:14
63,Bambous Virieux,-20.3428,57.7575,78.22,78,75,9.22,MU,2021-12-05 22:41:28
64,Thompson,55.7435,-97.8558,-18.24,76,1,8.05,CA,2021-12-05 22:41:28
65,Mar Del Plata,-38.0023,-57.5575,66.22,78,0,14.0,AR,2021-12-05 22:37:44
66,Puli,23.9664,120.9695,59.22,68,0,5.03,TW,2021-12-05 22:41:28
67,San Quintin,30.4833,-115.95,64.04,73,0,14.76,MX,2021-12-05 22:41:29
68,Palestina,31.9216,35.2033,52.93,77,67,4.94,PS,2021-12-05 22:41:29
69,Opuwo,-18.0607,13.84,67.37,25,0,2.15,NA,2021-12-05 22:41:29
70,Andreapol,56.6513,32.2664,15.51,94,98,6.29,RU,2021-12-05 22:41:30
71,Pyaozerskiy,65.8333,31.1667,-3.33,97,63,4.27,RU,2021-12-05 22:41:30
72,Voineasa,44.2833,24.1333,36.19,93,90,6.91,RO,2021-12-05 22:41:30
73,Snezhnogorsk,69.1933,33.2531,-7.82,83,14,27.51,RU,2021-12-05 22:41:31
74,Kaitangata,-46.2817,169.8464,53.92,55,92,8.08,NZ,2021-12-05 22:41:31
75,Omboue,-1.5746,9.2618,76.96,92,100,7.9,GA,2021-12-05 22:41:31
76,Hithadhoo,-0.6,73.0833,81.27,78,100,12.3,MV,2021-12-05 22:41:31
77,Copiapo,-27.3667,-70.3333,58.69,36,8,5.73,CL,2021-12-05 22:41:32
78,Atar,20.5169,-13.0499,69.6,15,100,10.31,MR,2021-12-05 22:41:32
79,Haines Junction,60.7522,-137.5108,0.66,99,100,2.13,CA,2021-12-05 22:41:32
80,Tasiilaq,65.6145,-37.6368,29.86,92,99,24.56,GL,2021-12-05 22:41:33
81,Bunbury,-33.3333,115.6333,58.82,64,7,18.16,AU,2021-12-05 22:41:33
82,Port Hedland,-20.3167,118.5667,89.65,29,98,13.8,AU,2021-12-05 22:41:33
83,Mayya,61.7333,130.2811,-13.14,99,100,3.04,RU,2021-12-05 22:41:33
84,Port Blair,11.6667,92.75,78.39,70,24,11.43,IN,2021-12-05 22:41:34
85,Kununurra,-15.7667,128.7333,76.98,88,90,4.61,AU,2021-12-05 22:41:34
86,Vanimo,-2.6741,141.3028,84.56,70,96,4.56,PG,2021-12-05 22:41:34
87,Cabo San Lucas,22.8909,-109.9124,81.52,50,75,3.44,MX,2021-12-05 22:38:52
88,Coquimbo,-29.9533,-71.3436,60.53,82,40,11.5,CL,2021-12-05 22:41:35
89,Kavieng,-2.5744,150.7967,82.63,79,95,7.31,PG,2021-12-05 22:41:35
90,Taoudenni,22.6783,-3.9836,61.65,22,100,10.18,ML,2021-12-05 22:41:35
91,Beckley,37.7782,-81.1882,57.69,50,20,3.0,US,2021-12-05 22:39:31
92,Tateyama,34.9833,139.8667,48.22,77,100,11.5,JP,2021-12-05 22:42:35
93,Luwuk,-0.9516,122.7875,79.57,87,100,1.66,ID,2021-12-05 22:42:36
94,Rio Grande,-32.035,-52.0986,69.94,82,21,11.92,BR,2021-12-05 22:42:36
95,Punta Arenas,-53.15,-70.9167,55.51,41,20,20.71,CL,2021-12-05 22:39:43
96,Cherskiy,68.75,161.3,-46.23,100,86,4.12,RU,2021-12-05 22:42:36
97,Carnarvon,-24.8667,113.6333,73.47,73,0,16.11,AU,2021-12-05 22:42:37
98,Benjamin Constant,-4.3831,-70.0311,82.53,74,40,2.3,BR,2021-12-05 22:42:37
99,Riyadh,24.6877,46.7219,55.54,35,4,2.89,SA,2021-12-05 22:39:40
100,Owando,-0.4819,15.8999,72.64,94,100,1.7,CG,2021-12-05 22:42:37
101,Samarai,-10.6167,150.6667,83.43,73,99,9.62,PG,2021-12-05 22:42:38
102,Cape Town,-33.9258,18.4232,62.1,90,75,3.0,ZA,2021-12-05 22:42:20
103,Georgetown,5.4112,100.3354,76.95,81,20,5.99,MY,2021-12-05 22:42:38
104,Jutai,-5.1833,-68.9,72.3,97,95,2.04,BR,2021-12-05 22:42:38
105,Mao,39.8885,4.2658,46.96,71,20,6.91,ES,2021-12-05 22:42:39
106,Tigzirt,36.8886,4.1198,52.48,63,78,27.22,DZ,2021-12-05 22:42:39
107,Hofn,64.2539,-15.2082,41.11,95,100,30.89,IS,2021-12-05 22:42:39
108,Westport,41.1415,-73.3579,45.19,61,1,7.0,US,2021-12-05 22:41:59
109,Honningsvag,70.9821,25.9704,29.95,80,75,21.85,NO,2021-12-05 22:42:40
110,Storm Lake,42.6411,-95.2097,43.3,36,20,26.46,US,2021-12-05 22:42:40
111,Pisco,-13.7,-76.2167,69.85,78,75,16.11,PE,2021-12-05 22:42:40
112,Honiara,-9.4333,159.95,84.96,72,90,4.18,SB,2021-12-05 22:42:40
113,Grindavik,63.8424,-22.4338,40.95,93,90,20.71,IS,2021-12-05 22:42:41
114,New Norfolk,-42.7826,147.0587,62.65,50,45,3.0,AU,2021-12-05 22:42:41
115,Berbera,10.4396,45.0143,75.96,66,1,4.34,SO,2021-12-05 22:42:41
116,Guerrero Negro,27.9769,-114.0611,67.44,69,0,16.22,MX,2021-12-05 22:42:42
117,Victoria,22.2855,114.1577,64.26,55,34,1.01,HK,2021-12-05 22:42:00
118,Fortuna,40.5982,-124.1573,55.33,91,90,1.99,US,2021-12-05 22:42:20
119,Evensk,61.95,159.2333,-14.67,80,24,7.94,RU,2021-12-05 22:42:42
120,Saint-Philippe,-21.3585,55.7679,76.55,79,37,10.47,RE,2021-12-05 22:41:59
121,San Jeronimo,-11.9472,-75.2829,50.43,84,100,2.98,PE,2021-12-05 22:42:43
122,Constitucion,-35.3333,-72.4167,63.73,68,5,4.94,CL,2021-12-05 22:42:43
123,Labuhan,-6.8844,112.2051,78.49,80,100,6.38,ID,2021-12-05 22:42:43
124,Cidreira,-30.1811,-50.2056,69.64,87,50,14.76,BR,2021-12-05 22:42:43
125,Asfi,32.2994,-9.2372,57.79,81,0,20.56,MA,2021-12-05 22:42:44
126,Natal,-5.795,-35.2094,83.05,78,40,12.66,BR,2021-12-05 22:42:35
127,Neuquen,-38.9516,-68.0591,85.89,32,0,8.05,AR,2021-12-05 22:42:44
128,Katangli,51.7102,143.2326,21.07,86,73,9.95,RU,2021-12-05 22:42:44
129,Strezhevoy,60.7333,77.5889,1.38,99,100,4.38,RU,2021-12-05 22:42:45
130,Waipawa,-41.4122,175.5153,51.46,96,100,7.18,NZ,2021-12-05 22:42:45
131,Cape Canaveral,28.4058,-80.6048,74.25,74,90,4.61,US,2021-12-05 22:42:45
132,Qaqortoq,60.7167,-46.0333,27.1,68,100,23.62,GL,2021-12-05 22:42:46
133,Okhotsk,59.3833,143.3,-12.73,88,19,12.37,RU,2021-12-05 22:42:46
134,Rawson,-43.3002,-65.1023,64.81,58,29,14.47,AR,2021-12-05 22:42:46
135,Khatanga,71.9667,102.5,-22.14,100,97,6.8,RU,2021-12-05 22:43:46
136,Roma,43.2128,-75.4557,40.12,77,90,6.91,US,2021-12-05 22:43:47
137,Campo Gobierno,24.6536,-107.5411,82.71,36,90,5.75,MX,2021-12-05 22:43:47
138,Hornepayne,49.2138,-84.7705,18.21,88,100,6.62,CA,2021-12-05 22:43:47
139,Barrow,71.2906,-156.7887,8.62,78,90,19.57,US,2021-12-05 22:39:03
140,Olinda,-8.0089,-34.8553,80.33,83,40,5.75,BR,2021-12-05 22:43:19
141,Tigil,57.8,158.6667,22.75,92,100,23.91,RU,2021-12-05 22:43:48
142,Whitianga,-36.8333,175.7,71.58,75,60,9.19,NZ,2021-12-05 22:43:23
143,Sangar,63.9242,127.4739,-20.78,94,99,6.6,RU,2021-12-05 22:43:48
144,Russell,32.3502,-85.1999,71.2,68,1,4.61,US,2021-12-05 22:43:49
145,Paciran,-6.8767,112.3761,78.55,80,100,8.1,ID,2021-12-05 22:43:49
146,Fujieda,34.8667,138.2667,55.85,66,75,9.22,JP,2021-12-05 22:43:49
147,Kapaa,22.0752,-159.319,79.12,70,40,4.0,US,2021-12-05 22:43:49
148,Lerwick,60.1545,-1.1494,41.0,62,55,7.25,GB,2021-12-05 22:43:50
149,Kodiak,57.79,-152.4072,33.31,75,90,5.75,US,2021-12-05 22:40:08
150,Alihe,50.5667,123.7167,14.72,78,3,7.25,CN,2021-12-05 22:43:50
151,Qui Nhon,13.7667,109.2333,69.39,92,100,10.54,VN,2021-12-05 22:41:45
152,Lichuan,30.3,108.85,39.47,88,0,1.63,CN,2021-12-05 22:43:50
153,Alofi,-19.0595,-169.9187,80.49,78,71,19.57,NU,2021-12-05 22:43:51
154,Dera Ghazi Khan,30.0561,70.6348,60.3,29,8,6.58,PK,2021-12-05 22:43:51
155,Aksarka,66.5606,67.7975,-16.85,91,39,13.8,RU,2021-12-05 22:43:51
156,Acari,-15.4311,-74.6158,71.02,79,100,4.79,PE,2021-12-05 22:43:51
157,Chadan,51.2833,91.5833,-4.04,98,100,1.54,RU,2021-12-05 22:43:52
158,Vardo,70.3705,31.1107,10.15,78,19,22.3,NO,2021-12-05 22:43:52
159,Dikson,73.5069,80.5464,-2.0,94,100,9.86,RU,2021-12-05 22:43:47
160,North Battleford,52.7834,-108.2847,-3.91,65,1,11.5,CA,2021-12-05 22:40:59
161,Nanortalik,60.1432,-45.2371,27.07,68,96,34.9,GL,2021-12-05 22:43:52
162,Sao Gabriel Da Cachoeira,-0.1303,-67.0892,74.82,97,98,2.01,BR,2021-12-05 22:43:53
163,Pevek,69.7008,170.3133,-9.47,96,100,17.13,RU,2021-12-05 22:43:53
164,Butaritari,3.0707,172.7902,80.82,83,100,11.97,KI,2021-12-05 22:43:19
165,Novopokrovskaya,45.9514,40.7006,41.11,94,88,3.18,RU,2021-12-05 22:43:53
166,Batsfjord,70.6345,29.7185,22.93,66,28,25.32,NO,2021-12-05 22:43:54
167,Flinders,-34.5833,150.8552,67.21,72,98,7.27,AU,2021-12-05 22:43:54
168,Kochi,9.9399,76.2602,76.98,89,18,5.12,IN,2021-12-05 22:39:17
169,Mopti,14.6667,-4.0,75.47,14,33,10.2,ML,2021-12-05 22:43:54
170,Chapais,49.7834,-74.8492,-0.62,98,99,4.18,CA,2021-12-05 22:43:55
171,Comodoro Rivadavia,-45.8667,-67.5,66.06,45,20,26.46,AR,2021-12-05 22:43:55
172,Manta,-0.95,-80.7333,78.58,78,75,13.8,EC,2021-12-05 22:40:07
173,Inverell,-29.7833,151.1167,76.66,61,56,7.0,AU,2021-12-05 22:43:55
174,Souillac,-20.5167,57.5167,78.37,78,75,9.22,MU,2021-12-05 22:43:15
175,Nantucket,41.2835,-70.0995,43.97,61,1,3.44,US,2021-12-05 22:43:56
176,Bathsheba,13.2167,-59.5167,81.21,69,75,20.71,BB,2021-12-05 22:43:56
177,Husavik,66.0449,-17.3389,42.71,73,100,27.47,IS,2021-12-05 22:43:56
178,Kisangani,0.5167,25.2,70.43,99,100,2.35,CD,2021-12-05 22:43:56
179,Mount Gambier,-37.8333,140.7667,64.31,55,74,6.91,AU,2021-12-05 22:43:57
180,Ponta Delgada,37.7333,-25.6667,64.51,63,75,3.44,PT,2021-12-05 22:43:57
181,Yacuiba,-22.038,-63.6797,68.68,91,100,3.83,BO,2021-12-05 22:43:57
182,Ponta Do Sol,32.6667,-17.1,65.03,72,27,9.31,PT,2021-12-05 22:43:58
183,Manuk Mangkaw,4.8,119.85,81.36,75,78,5.32,PH,2021-12-05 22:44:58
184,Berdsk,54.7551,83.0967,28.04,91,98,9.57,RU,2021-12-05 22:44:58
185,Sorata,-15.7667,-68.6333,46.58,92,100,5.57,BO,2021-12-05 22:44:59
186,Bom Jesus,-9.0744,-44.3586,74.12,85,26,2.15,BR,2021-12-05 22:44:59
187,Cap Malheureux,-19.9842,57.6142,78.48,69,5,5.99,MU,2021-12-05 22:44:59
188,Caxias,38.7031,-9.2767,56.48,72,75,1.99,PT,2021-12-05 22:44:59
189,Kismayo,-0.3582,42.5454,79.75,75,43,11.61,SO,2021-12-05 22:45:00
190,Kirkwall,58.9848,-2.9587,41.34,80,73,8.05,GB,2021-12-05 22:45:00
191,Jati,24.3539,68.2671,68.58,43,0,5.21,PK,2021-12-05 22:45:00
192,Airai,-8.9266,125.4092,65.5,85,99,1.07,TL,2021-12-05 22:41:44
193,Miranda,3.2499,-76.2281,80.73,95,89,2.89,CO,2021-12-05 22:45:01
194,Pangnirtung,66.1451,-65.7125,7.74,97,100,6.91,CA,2021-12-05 22:44:49
195,Lagoa,39.05,-27.9833,63.07,75,84,11.9,PT,2021-12-05 22:45:01
196,Saint Anthony,45.0205,-93.218,38.55,68,90,3.0,US,2021-12-05 22:45:01
197,Prince Albert,53.2001,-105.7677,-5.85,59,20,13.8,CA,2021-12-05 22:45:01
198,Puerto Madryn,-42.7692,-65.0385,67.64,50,7,18.32,AR,2021-12-05 22:45:02
199,Isangel,-19.55,169.2667,84.31,79,75,0.0,VU,2021-12-05 22:45:02
200,Bonavista,48.6499,-53.1147,33.12,63,94,17.43,CA,2021-12-05 22:45:02
201,Kolpashevo,58.3131,82.9089,29.7,97,100,11.86,RU,2021-12-05 22:45:03
202,Tartus,34.889,35.8866,56.43,64,27,6.98,SY,2021-12-05 22:45:03
203,Dauphin,51.1494,-100.0502,3.34,72,90,11.5,CA,2021-12-05 22:45:03
204,Portland,45.5234,-122.6762,47.93,78,75,1.01,US,2021-12-05 22:40:23
205,Marsabit,2.3284,37.9899,65.97,75,83,10.74,KE,2021-12-05 22:45:03
206,Muros,42.7762,-9.0603,53.24,94,52,4.54,ES,2021-12-05 22:44:12
207,Belyy Yar,53.6039,91.3903,8.85,89,64,2.24,RU,2021-12-05 22:45:04
208,Punto Fijo,11.6956,-70.1996,80.44,79,86,26.84,VE,2021-12-05 22:45:04
209,Chenove,47.2932,5.0046,38.01,87,75,3.44,FR,2021-12-05 22:45:05
210,Japura,-0.3167,102.35,72.25,98,99,2.68,ID,2021-12-05 22:45:05
211,Faanui,-16.4833,-151.75,81.37,66,44,17.02,PF,2021-12-05 22:45:05
212,Katsuura,35.1333,140.3,48.18,74,100,8.63,JP,2021-12-05 22:45:05
213,Castlerea,53.7667,-8.5,40.62,82,100,14.76,IE,2021-12-05 22:45:06
214,Fairbanks,64.8378,-147.7164,7.92,77,1,0.0,US,2021-12-05 22:45:06
215,Iskenderun,36.5872,36.1735,45.43,45,0,4.38,TR,2021-12-05 22:45:06
216,Faya,18.3851,42.4509,55.51,70,0,1.79,SA,2021-12-05 22:40:41
217,Jalu,29.0331,21.5482,56.79,62,0,5.35,LY,2021-12-05 22:40:42
218,Leningradskiy,69.3833,178.4167,-3.69,98,100,15.05,RU,2021-12-05 22:45:07
219,Shima,24.4478,117.8111,61.21,76,0,3.44,CN,2021-12-05 22:45:07
220,Hambantota,6.1241,81.1185,77.05,89,9,7.05,LK,2021-12-05 22:43:18
221,Sao Filipe,14.8961,-24.4956,75.49,73,66,12.39,CV,2021-12-05 22:45:07
222,Ukiah,39.1502,-123.2078,76.12,41,1,5.75,US,2021-12-05 22:45:08
223,Urengoy,65.9667,78.3667,-31.04,100,48,6.53,RU,2021-12-05 22:45:08
224,Coihaique,-45.5752,-72.0662,69.75,46,75,6.91,CL,2021-12-05 22:45:08
225,Mahebourg,-20.4081,57.7,78.26,78,75,9.22,MU,2021-12-05 22:45:09
226,Lodja,-3.4833,23.4333,69.93,97,100,1.07,CD,2021-12-05 22:45:09
227,Razdolinsk,58.4211,94.6658,25.0,96,100,8.55,RU,2021-12-05 22:45:09
228,Chalmette,29.9427,-89.9634,75.25,70,20,4.0,US,2021-12-05 22:46:10
229,Batagay,67.6333,134.6333,-18.87,99,100,1.12,RU,2021-12-05 22:46:10
230,Kahului,20.8947,-156.47,75.85,83,90,4.61,US,2021-12-05 22:46:11
231,Lapy,52.9911,22.8842,30.49,92,100,8.66,PL,2021-12-05 22:46:11
232,Demidov,55.2706,31.515,21.63,98,100,3.13,RU,2021-12-05 22:46:11
233,Charters Towers,-20.1,146.2667,82.09,51,3,14.5,AU,2021-12-05 22:46:12
234,Namibe,-15.1961,12.1522,72.28,62,4,6.42,AO,2021-12-05 22:46:12
235,Tuatapere,-46.1333,167.6833,55.81,51,84,6.85,NZ,2021-12-05 22:43:49
236,Tarnow,50.0138,20.987,38.37,99,100,1.97,PL,2021-12-05 22:46:12
237,Onega,63.9061,38.1404,7.14,91,36,3.04,RU,2021-12-05 22:46:13
238,Barra,-11.0894,-43.1417,78.21,69,48,4.88,BR,2021-12-05 22:46:13
239,Moussoro,13.6408,16.4901,75.81,17,6,11.95,TD,2021-12-05 22:46:13
240,Praya,14.9215,-23.5087,73.94,78,0,18.41,CV,2021-12-05 22:46:14
241,Biltine,14.5333,20.9167,75.15,21,4,9.84,TD,2021-12-05 22:46:14
242,Codrington,-38.2667,141.9667,70.02,41,99,10.29,AU,2021-12-05 22:43:48
243,Salalah,17.0151,54.0924,75.29,33,0,8.05,OM,2021-12-05 22:43:32
244,Port Alfred,-33.5906,26.891,68.59,92,100,5.99,ZA,2021-12-05 22:43:19
245,Xuddur,4.1213,43.8894,70.75,72,46,9.78,SO,2021-12-05 22:45:42
246,Beringovskiy,63.05,179.3167,6.84,81,100,35.99,RU,2021-12-05 22:46:15
247,Warri,5.5167,5.75,78.28,89,98,4.07,NG,2021-12-05 22:46:15
248,Hualmay,-11.0964,-77.6139,67.33,84,100,10.49,PE,2021-12-05 22:43:19
249,Nome,64.5011,-165.4064,32.07,87,90,26.46,US,2021-12-05 22:46:16
250,Harwich,51.9419,1.2844,42.51,87,90,5.99,GB,2021-12-05 22:46:16
251,Iqaluit,63.7506,-68.5145,10.13,72,90,13.0,CA,2021-12-05 22:43:04
252,Nouadhibou,20.931,-17.0347,67.98,56,39,10.36,MR,2021-12-05 22:43:44
253,Delijan,33.9905,50.6838,47.23,28,36,1.25,IR,2021-12-05 22:46:16
254,Vangaindrano,-23.35,47.6,74.59,93,17,6.26,MG,2021-12-05 22:46:16
255,Gabu,12.2833,-14.2167,79.52,23,100,3.87,GW,2021-12-05 22:46:17
256,Kerman,30.2832,57.0788,53.47,16,92,1.77,IR,2021-12-05 22:46:17
257,Bereda,43.2686,-7.5406,48.92,100,85,1.59,ES,2021-12-05 22:46:18
258,Mudanjiang,44.5833,129.6,26.49,90,56,6.96,CN,2021-12-05 22:46:18
259,Lavrentiya,65.5833,-171.0,29.25,96,100,19.08,RU,2021-12-05 22:44:20
260,Arraial Do Cabo,-22.9661,-42.0278,75.16,88,20,16.11,BR,2021-12-05 22:46:18
261,Kemijarvi,66.7131,27.4306,-0.22,97,20,3.58,FI,2021-12-05 22:46:19
262,Bria,6.5423,21.9863,73.96,40,100,2.35,CF,2021-12-05 22:46:19
263,Bogande,12.9714,-0.1436,76.71,13,2,8.32,BF,2021-12-05 22:46:19
264,Nawa,27.0167,75.0,61.97,64,36,5.14,IN,2021-12-05 22:46:20
265,Vestmanna,62.1564,-7.1664,36.52,70,90,16.11,FO,2021-12-05 22:46:20
266,Suleja,9.1758,7.1808,77.18,34,71,4.59,NG,2021-12-05 22:46:20
267,Tambopata,-12.7333,-69.1833,73.29,94,90,4.61,PE,2021-12-05 22:46:20
268,Ngunguru,-35.6167,174.5,78.17,81,45,12.66,NZ,2021-12-05 22:46:21
269,Quatre Cocos,-20.2078,57.7625,78.1,71,28,11.77,MU,2021-12-05 22:46:21
270,Kangaatsiaq,68.3065,-53.4641,28.72,88,100,25.7,GL,2021-12-05 22:46:21
271,Bhinmal,25.0,72.25,65.25,47,1,4.61,IN,2021-12-05 22:46:22
272,Great Yarmouth,52.6083,1.7305,43.05,75,85,11.14,GB,2021-12-05 22:46:22
273,Lazaro Cardenas,17.9583,-102.2,82.15,69,65,5.12,MX,2021-12-05 22:46:22
274,Coruripe,-10.1256,-36.1756,77.88,83,79,11.59,BR,2021-12-05 22:46:23
275,Huicheng,23.0385,116.2899,51.75,60,4,7.38,CN,2021-12-05 22:47:23
276,Pitanga,-24.7572,-51.7614,66.76,74,73,3.53,BR,2021-12-05 22:47:23
277,Bilibino,68.0546,166.4372,-19.23,99,100,2.53,RU,2021-12-05 22:47:24
278,Suntar,62.1444,117.6319,-24.57,98,56,4.23,RU,2021-12-05 22:47:24
279,Badhni Kalan,30.6833,75.2833,57.11,77,0,4.14,IN,2021-12-05 22:47:24
280,Urkut,47.085,17.6439,31.33,98,100,6.71,HU,2021-12-05 22:47:25
281,Ust-Maya,60.4167,134.5333,-2.2,95,100,5.73,RU,2021-12-05 22:47:25
282,Belmonte,-15.8631,-38.8828,79.3,85,0,5.35,BR,2021-12-05 22:47:25
283,Taicheng,38.731,113.228,28.92,42,0,5.1,CN,2021-12-05 22:47:25
284,Norman Wells,65.282,-126.8329,-11.74,81,72,4.74,CA,2021-12-05 22:47:26
285,Talnakh,69.4865,88.3972,-16.8,99,100,13.47,RU,2021-12-05 22:44:52
286,Arlit,18.7369,7.3853,68.43,17,3,6.08,NE,2021-12-05 22:47:26
287,Santa Cruz Del Sur,20.7147,-77.9956,78.96,74,100,3.91,CU,2021-12-05 22:47:26
288,Pontes E Lacerda,-15.2261,-59.3353,75.65,95,99,3.06,BR,2021-12-05 22:47:27
289,Gurupi,-11.7292,-49.0686,75.56,86,69,3.8,BR,2021-12-05 22:47:27
290,Tabuk,17.4189,121.4443,66.78,91,85,1.99,PH,2021-12-05 22:47:27
291,Necochea,-38.5473,-58.7368,64.04,75,0,9.17,AR,2021-12-05 22:44:15
292,Abreus,22.2775,-80.5675,80.91,74,3,5.12,CU,2021-12-05 22:47:28
293,Bandar,2.05,99.75,71.01,97,89,2.39,ID,2021-12-05 22:47:28
294,Severo-Kurilsk,50.6789,156.125,31.68,77,94,16.49,RU,2021-12-05 22:44:39
295,Karratha,-20.7377,116.8463,87.13,31,30,15.86,AU,2021-12-05 22:47:28
296,Minab,27.1467,57.0801,60.3,50,16,1.86,IR,2021-12-05 22:47:29
297,Hovd,48.0056,91.6419,19.71,54,100,1.16,MN,2021-12-05 22:47:29
298,Mukdahan,16.5833,104.5,57.11,55,82,8.32,TH,2021-12-05 22:47:29
299,Cayenne,4.9333,-52.3333,77.04,91,96,1.99,GF,2021-12-05 22:44:31
300,Asau,46.4333,26.4,33.96,82,93,3.33,RO,2021-12-05 22:47:30
301,Redmond,47.674,-122.1215,44.33,87,98,1.01,US,2021-12-05 22:46:03
302,Aklavik,68.2191,-135.0107,-10.37,88,11,8.41,CA,2021-12-05 22:47:30
303,Santa Catalina,9.3337,122.8637,76.91,83,100,6.73,PH,2021-12-05 22:47:30
304,Awjilah,29.1081,21.2869,57.27,60,0,6.62,LY,2021-12-05 22:47:30
305,Sur,22.5667,59.5289,72.28,72,0,4.72,OM,2021-12-05 22:47:31
306,Hasaki,35.7333,140.8333,46.29,62,100,9.71,JP,2021-12-05 22:47:31
307,Kalat,29.0225,66.5916,32.43,49,0,1.7,PK,2021-12-05 22:47:31
308,San Patricio,28.017,-97.5169,81.54,79,100,14.2,US,2021-12-05 22:45:42
309,Lompoc,34.6391,-120.4579,82.02,65,1,14.97,US,2021-12-05 22:45:04
310,Cervo,43.6702,-7.4101,52.97,82,98,11.39,ES,2021-12-05 22:47:32
311,Leh,34.1667,77.5833,19.44,84,97,4.25,IN,2021-12-05 22:47:32
312,Pula,44.8683,13.8481,45.46,87,20,4.61,HR,2021-12-05 22:47:32
313,Port-Cartier,50.0334,-66.8654,14.22,71,23,10.38,CA,2021-12-05 22:47:33
314,Churapcha,62.0025,132.4325,-11.74,95,100,6.06,RU,2021-12-05 22:47:33
315,Baykit,61.67,96.37,-8.07,96,100,3.04,RU,2021-12-05 22:47:33
316,Rosarito,32.3333,-117.0333,75.07,62,0,8.66,MX,2021-12-05 22:47:33
317,Hyeres,43.1167,6.1167,47.95,48,0,20.71,FR,2021-12-05 22:47:34
318,Hope,33.6671,-93.5916,73.45,82,100,10.13,US,2021-12-05 22:47:34
319,Sokoto,13.0609,5.239,73.58,19,9,10.36,NG,2021-12-05 22:47:34
320,Saint-Pierre,-21.3393,55.4781,76.64,72,0,4.61,RE,2021-12-05 22:47:35
321,Aras,42.5617,-2.356,40.71,93,90,11.5,ES,2021-12-05 22:48:35
322,Newport,51.5877,-2.9984,42.85,85,59,4.38,GB,2021-12-05 22:48:35
323,Maniitsoq,65.4167,-52.9,26.24,76,100,32.35,GL,2021-12-05 22:48:36
324,Ancud,-41.8697,-73.8203,74.73,68,38,5.48,CL,2021-12-05 22:48:17
325,Candido Mendes,-1.4467,-45.7167,77.63,86,36,4.18,BR,2021-12-05 22:48:36
326,Yerbogachen,61.2767,108.0108,-23.57,100,92,2.46,RU,2021-12-05 22:48:36
327,Broken Hill,-31.95,141.4333,73.11,28,40,8.05,AU,2021-12-05 22:48:36
328,Muli,2.9167,73.5667,82.56,71,60,13.53,MV,2021-12-05 22:48:37
329,Novikovo,51.1537,37.8879,27.95,66,100,5.21,RU,2021-12-05 22:48:37
330,Betioky,-23.7167,44.3833,79.27,35,34,4.72,MG,2021-12-05 22:48:37
331,Pauini,-7.7136,-66.9764,74.98,93,96,2.86,BR,2021-12-05 22:48:38
332,Khuzdar,27.7384,66.6434,45.59,36,4,4.63,PK,2021-12-05 22:48:38
333,Upernavik,72.7868,-56.1549,25.09,74,100,3.29,GL,2021-12-05 22:48:38
334,Waingapu,-9.6567,120.2641,79.75,81,100,3.04,ID,2021-12-05 22:48:38
335,Poum,-20.2333,164.0167,81.05,74,15,10.74,NC,2021-12-05 22:48:39
336,Esperance,-33.8667,121.9,62.44,65,88,11.92,AU,2021-12-05 22:48:39
337,Margate,51.3813,1.3862,42.96,91,85,17.85,GB,2021-12-05 22:48:39
338,Mujiayingzi,42.1167,118.7833,27.57,49,54,4.54,CN,2021-12-05 22:48:40
339,Novyy Urgal,51.0736,132.5642,4.89,97,100,1.39,RU,2021-12-05 22:48:40
340,Ixtapa,20.7,-105.2,81.23,76,98,3.0,MX,2021-12-05 22:47:53
341,Saskylakh,71.9167,114.0833,-30.32,98,100,4.5,RU,2021-12-05 22:48:41
342,Campbellsville,37.3434,-85.3419,66.67,87,14,15.41,US,2021-12-05 22:44:18
343,Lovozero,68.005,35.0117,6.15,67,56,12.93,RU,2021-12-05 22:48:41
344,Aswan,24.0934,32.907,60.1,38,0,9.22,EG,2021-12-05 22:45:56
345,Lovington,32.944,-103.3485,74.25,15,0,7.0,US,2021-12-05 22:48:41
346,Tamluk,22.3,87.9167,71.58,97,100,10.49,IN,2021-12-05 22:48:41
347,Sharan,54.8167,54.0,25.79,90,100,5.48,RU,2021-12-05 22:48:42
348,San Cristobal,7.7669,-72.225,77.18,74,75,2.01,VE,2021-12-05 22:45:03
349,Alexandria,31.2156,29.9553,64.36,77,40,2.3,EG,2021-12-05 22:48:42
350,Deputatskiy,69.3,139.9,-24.68,97,100,2.91,RU,2021-12-05 22:48:43
351,Longyearbyen,78.2186,15.6401,13.84,73,75,11.5,SJ,2021-12-05 22:48:43
352,Praia,14.9215,-23.5087,73.94,78,0,18.41,CV,2021-12-05 22:48:43
353,Matagami,49.7502,-77.6328,8.71,85,90,6.91,CA,2021-12-05 22:48:44
354,San Jose,37.3394,-121.895,70.25,63,40,6.91,US,2021-12-05 22:45:30
355,Dargaville,-35.9333,173.8833,78.28,56,64,3.76,NZ,2021-12-05 22:46:25
356,Piripiri,-4.2733,-41.7769,84.6,56,100,5.68,BR,2021-12-05 22:48:44
357,Buraydah,26.326,43.975,57.65,24,18,11.86,SA,2021-12-05 22:48:44
358,Iranshahr,27.2025,60.6848,59.14,37,22,2.89,IR,2021-12-05 22:48:45
359,Sibolga,1.7427,98.7792,75.31,86,89,3.58,ID,2021-12-05 22:46:24
360,Afitos,40.1,23.4333,55.78,77,55,8.1,GR,2021-12-05 22:48:45
361,Port Elizabeth,-33.918,25.5701,65.1,100,90,20.71,ZA,2021-12-05 22:48:45
362,Carlagan,14.975,122.0456,76.33,76,91,14.7,PH,2021-12-05 22:48:46
363,Hami,42.8,93.45,29.12,52,99,5.37,CN,2021-12-05 22:48:46
364,Juan Lacaze,-34.4342,-57.4381,68.07,78,43,18.86,UY,2021-12-05 22:48:46
365,Praia Da Vitoria,38.7333,-27.0667,60.76,88,75,4.88,PT,2021-12-05 22:48:46
366,Umm Lajj,25.0213,37.2685,74.52,59,22,10.38,SA,2021-12-05 22:48:47
367,Burgeo,47.6167,-57.6152,31.78,73,98,23.89,CA,2021-12-05 22:49:47
368,Mehamn,71.0357,27.8492,30.38,74,40,25.32,NO,2021-12-05 22:49:48
369,Ostroda,53.6967,19.9649,32.68,86,100,11.5,PL,2021-12-05 22:49:48
370,Hobyo,5.3505,48.5268,78.42,77,16,15.64,SO,2021-12-05 22:49:48
371,Yatou,37.15,122.3833,46.09,82,31,6.82,CN,2021-12-05 22:49:49
372,Turbat,26.0023,63.044,65.68,22,3,7.65,PK,2021-12-05 22:49:49
373,Nyurba,63.2842,118.3319,-29.87,95,36,5.41,RU,2021-12-05 22:49:49
374,Ust-Tsilma,65.441,52.1498,6.08,97,84,4.52,RU,2021-12-05 22:49:49
375,Islamey,43.6756,43.455,38.08,58,10,3.53,RU,2021-12-05 22:49:50
376,Aquiraz,-3.9014,-38.3911,86.22,66,9,13.51,BR,2021-12-05 22:49:50
377,The Pas,53.8251,-101.2541,-7.58,71,1,14.97,CA,2021-12-05 22:49:50
378,Norden,53.6,7.2,35.94,97,99,16.28,DE,2021-12-05 22:49:51
379,Boa Vista,2.8197,-60.6733,85.98,58,0,6.91,BR,2021-12-05 22:49:51
380,Ambato,-1.2491,-78.6168,58.15,22,83,14.0,EC,2021-12-05 22:46:02
381,Hailar,49.2,119.7,11.03,87,6,12.48,CN,2021-12-05 22:49:51
382,Kirakira,-10.4544,161.9205,82.0,83,99,11.23,SB,2021-12-05 22:49:52
383,Fort Nelson,58.8053,-122.7002,-15.21,70,20,5.75,CA,2021-12-05 22:49:52
384,Linxia,35.6003,103.2064,26.6,61,0,1.16,CN,2021-12-05 22:49:52
385,Mirnyy,62.5353,113.9611,-34.31,98,16,4.03,RU,2021-12-05 22:49:53
386,Lorengau,-2.0226,147.2712,86.27,72,65,16.33,PG,2021-12-05 22:49:53
387,Belaya Gora,68.5333,146.4167,-30.23,95,100,2.01,RU,2021-12-05 22:49:53
388,Mackay,-21.15,149.2,84.69,69,40,13.8,AU,2021-12-05 22:49:53
389,Ilulissat,69.2167,-51.1,28.42,86,75,16.11,GL,2021-12-05 22:45:35
390,Meulaboh,4.1363,96.1285,75.85,87,93,3.69,ID,2021-12-05 22:49:54
391,Yar-Sale,66.8333,70.8333,-15.39,91,32,14.45,RU,2021-12-05 22:49:54
392,Viedma,-40.8135,-62.9967,72.45,33,0,18.59,AR,2021-12-05 22:49:55
393,Tura,25.5198,90.2201,66.34,81,100,2.53,IN,2021-12-05 22:49:55
394,Bandarbeyla,9.4942,50.8122,76.21,64,5,16.08,SO,2021-12-05 22:49:55
395,Araouane,18.9048,-3.5265,62.91,14,62,11.16,ML,2021-12-05 22:49:55
396,Livny,52.4253,37.6069,27.68,68,100,4.97,RU,2021-12-05 22:49:56
397,Tommot,58.9564,126.2925,0.19,85,100,9.75,RU,2021-12-05 22:49:56
398,Yulara,-25.2406,130.9889,69.64,68,40,12.66,AU,2021-12-05 22:49:56
399,Walvis Bay,-22.9575,14.5053,61.75,72,0,3.44,NA,2021-12-05 22:49:56
400,Olafsvik,64.8945,-23.7142,41.23,90,100,7.11,IS,2021-12-05 22:49:57
401,Bojnurd,37.4747,57.329,35.55,75,0,2.3,IR,2021-12-05 22:46:07
402,Lata,40.1629,-8.3327,53.82,95,47,2.8,PT,2021-12-05 22:49:57
403,Ostrovnoy,68.0531,39.5131,9.59,73,83,23.38,RU,2021-12-05 22:49:57
404,Maltahohe,-24.8333,16.9833,60.19,40,0,5.84,NA,2021-12-05 22:49:58
405,Anchorage,61.2181,-149.9003,25.32,85,90,1.01,US,2021-12-05 22:45:10
406,Vila Franca Do Campo,37.7167,-25.4333,64.2,85,37,3.8,PT,2021-12-05 22:49:58
407,Ubinskoye,55.3068,79.6802,24.48,93,54,12.84,RU,2021-12-05 22:49:58
408,Goderich,43.7501,-81.7165,31.91,93,100,17.27,CA,2021-12-05 22:49:59
409,Ampanihy,-24.7,44.75,73.2,74,0,4.68,MG,2021-12-05 22:49:59
410,Motygino,58.1831,94.7592,26.71,97,100,8.48,RU,2021-12-05 22:49:59
411,Ahuimanu,21.4447,-157.8378,73.11,70,69,9.86,US,2021-12-05 22:45:47
412,Tabou,4.423,-7.3528,80.42,81,17,7.94,CI,2021-12-05 22:51:00
413,Bakel,14.905,-12.4568,81.19,13,97,12.01,SN,2021-12-05 22:51:00
414,Jumla,29.2747,82.1838,40.21,86,71,2.91,NP,2021-12-05 22:51:00
415,General Roca,-39.0333,-67.5833,89.62,16,0,11.3,AR,2021-12-05 22:51:00
416,Pictou,45.6834,-62.7153,31.44,64,30,19.57,CA,2021-12-05 22:51:01
417,Havoysund,70.9963,24.6622,29.28,94,99,31.21,NO,2021-12-05 22:51:01
418,Inzhavino,52.3185,42.4937,27.88,64,87,4.74,RU,2021-12-05 22:51:01
419,Edd,13.9297,41.6925,79.68,55,0,16.84,ER,2021-12-05 22:51:02
420,Boende,-0.2167,20.8667,71.8,90,100,2.37,CD,2021-12-05 22:51:02
421,Teguldet,57.3064,88.1667,31.5,92,100,13.44,RU,2021-12-05 22:51:02
422,Ugoofaaru,5.6667,73.0,81.88,75,46,9.75,MV,2021-12-05 22:51:03
423,Padang,-0.9492,100.3543,73.45,86,99,3.91,ID,2021-12-05 22:51:03
424,Bengkulu,-3.8004,102.2655,74.98,88,94,6.49,ID,2021-12-05 22:51:03
425,Curitibanos,-27.2828,-50.5844,59.65,99,70,2.8,BR,2021-12-05 22:51:03
426,Puerto Del Rosario,28.5004,-13.8627,65.95,72,40,23.02,ES,2021-12-05 22:51:04
427,Statesboro,32.4488,-81.7832,69.12,77,1,0.0,US,2021-12-05 22:51:04
428,Chiredzi,-21.05,31.6667,77.52,59,15,7.94,ZW,2021-12-05 22:51:04
429,Kharabali,47.4196,47.2568,45.1,95,100,8.84,RU,2021-12-05 22:51:05
430,Jishui,33.7333,115.4,42.03,40,0,6.44,CN,2021-12-05 22:51:05
431,Florida,28.7505,-82.5001,73.02,77,1,3.44,US,2021-12-05 22:51:05
432,Kavaratti,10.5669,72.642,80.69,72,60,12.48,IN,2021-12-05 22:51:05
433,La Ronge,55.1001,-105.2842,-10.95,64,20,4.61,CA,2021-12-05 22:51:06
434,Santa Rosa,14.3122,121.1114,73.85,74,78,7.49,PH,2021-12-05 22:51:06
435,Nakusp,50.2499,-117.8023,30.54,43,20,3.44,CA,2021-12-05 22:51:06
436,Roald,62.5833,6.1333,37.33,69,75,16.11,NO,2021-12-05 22:51:07
437,Sfantu Gheorghe,45.8667,25.7833,43.27,85,92,3.29,RO,2021-12-05 22:46:28
438,Sapa,5.1544,120.3241,80.58,81,88,7.02,PH,2021-12-05 22:51:07
439,Mazagao,-0.115,-51.2894,78.85,87,94,4.21,BR,2021-12-05 22:51:07
440,Contamana,-7.3333,-75.0167,82.35,63,100,1.83,PE,2021-12-05 22:51:08
441,Luorong,24.4058,109.6086,50.25,59,10,4.05,CN,2021-12-05 22:51:08
442,Mapiripan,2.8892,-72.1256,78.01,79,97,4.47,CO,2021-12-05 22:51:08
443,Makinsk,52.6292,70.4169,10.83,96,69,6.46,KZ,2021-12-05 22:51:08
444,College,64.8569,-147.8028,8.91,77,75,4.61,US,2021-12-05 22:51:09
445,Salina,38.8403,-97.6114,59.13,41,1,16.11,US,2021-12-05 22:51:09
446,Matara,5.9485,80.5353,75.33,91,71,4.99,LK,2021-12-05 22:47:49
447,Waitati,-45.75,170.5667,54.81,66,99,4.21,NZ,2021-12-05 22:51:10
448,Briancon,44.9,6.65,25.75,96,57,3.06,FR,2021-12-05 22:51:10
449,Darnah,32.767,22.6367,60.69,75,5,15.97,LY,2021-12-05 22:51:10
450,Birao,10.2849,22.7882,73.96,24,44,7.07,CF,2021-12-05 22:51:10
451,Careiro Da Varzea,-3.2003,-59.8119,81.23,84,45,3.02,BR,2021-12-05 22:51:11
452,Port Hueneme,34.1478,-119.1951,84.2,74,1,6.91,US,2021-12-05 22:51:11
453,Grand Gaube,-20.0064,57.6608,78.39,70,7,7.0,MU,2021-12-05 22:51:11
454,La Primavera,5.4906,-70.4092,82.67,61,98,4.5,CO,2021-12-05 22:51:12
455,Podor,16.6527,-14.9587,80.55,29,0,2.3,MR,2021-12-05 22:51:12
456,Ponta Pora,-22.5361,-55.7256,77.97,47,39,3.96,BR,2021-12-05 22:51:12
457,Kirkenaer,60.4564,12.0582,15.46,97,67,2.48,NO,2021-12-05 22:51:13
458,Antanifotsy,-19.65,47.3167,57.51,93,60,1.74,MG,2021-12-05 22:51:13
459,Shenzhen,22.5455,114.0683,64.15,68,27,1.01,CN,2021-12-05 22:48:08
460,La Paz,-16.5,-68.15,55.38,76,75,10.36,BO,2021-12-05 22:49:19
461,Coahuayana,18.7333,-103.6833,83.75,65,97,3.56,MX,2021-12-05 22:51:49
462,Arman,59.7,150.1667,-14.35,92,26,6.29,RU,2021-12-05 22:52:13
463,Bharthana,26.7571,79.2248,68.94,50,100,2.77,IN,2021-12-05 22:52:14
464,Gat,31.61,34.7642,61.39,55,26,9.33,IL,2021-12-05 22:52:03
465,Abalak,58.1286,68.5944,4.21,94,55,4.41,RU,2021-12-05 22:52:14
466,Qasigiannguit,68.8193,-51.1922,25.2,63,100,18.7,GL,2021-12-05 22:52:14
467,Loubomo,-4.1997,12.6739,72.86,97,100,1.97,CG,2021-12-05 22:52:15
468,Bac Giang,21.2667,106.2,55.47,54,48,4.56,VN,2021-12-05 22:52:15
469,Huanan,46.2167,130.5167,32.54,86,100,15.73,CN,2021-12-05 22:52:15
470,Berdigestyakh,62.0989,126.6992,-9.71,92,100,7.87,RU,2021-12-05 22:52:15
471,Poltavskaya,45.362,38.2154,46.13,82,100,2.55,RU,2021-12-05 22:52:16
472,Malinovskiy,61.1953,62.8397,-1.07,96,100,3.09,RU,2021-12-05 22:52:16
473,Ahipara,-35.1667,173.1667,74.77,66,56,9.86,NZ,2021-12-05 22:52:16
474,Suzun,53.7841,82.3116,21.97,94,100,3.87,RU,2021-12-05 22:52:17
475,Nemuro,43.3236,145.575,38.12,73,3,15.3,JP,2021-12-05 22:52:17
476,Orbetello,42.4408,11.2196,48.24,72,12,7.2,IT,2021-12-05 22:52:17
477,Nuuk,64.1835,-51.7216,25.88,73,100,20.0,GL,2021-12-05 22:52:17
478,Malanje,-9.5402,16.341,64.2,96,100,3.11,AO,2021-12-05 22:52:18
479,Waw,7.7029,27.9953,81.09,30,54,4.47,SS,2021-12-05 22:52:18
480,Rimouski,48.4488,-68.524,19.08,68,98,11.63,CA,2021-12-05 22:50:28
481,Vuktyl,63.8567,57.3094,-13.61,94,5,0.98,RU,2021-12-05 22:52:18
482,Nueva Italia,-25.6167,-57.5,88.83,48,64,7.09,PY,2021-12-05 22:52:19
483,Juneau,58.3019,-134.4197,28.22,92,90,11.5,US,2021-12-05 22:52:19
484,Storforshei,66.4043,14.5233,-3.03,87,5,5.73,NO,2021-12-05 22:50:07
485,Genhe,50.7833,121.5167,-0.76,98,94,3.89,CN,2021-12-05 22:52:19
486,Kenai,60.5544,-151.2583,19.15,87,90,9.22,US,2021-12-05 22:52:19
487,Srikakulam,18.3,83.9,71.91,88,75,4.99,IN,2021-12-05 22:52:20
488,Axim,4.8699,-2.2405,80.37,83,42,8.57,GH,2021-12-05 22:52:20
489,Petropavlovsk-Kamchatskiy,53.0452,158.6483,25.39,63,75,8.95,RU,2021-12-05 22:52:20
490,Porto Novo,6.4965,2.6036,84.02,84,94,8.46,BJ,2021-12-05 22:52:21
491,Merauke,-8.4667,140.3333,81.23,79,100,3.78,ID,2021-12-05 22:52:21
492,Wanning,18.8003,110.3967,61.66,71,63,9.33,CN,2021-12-05 22:52:21
493,Clyde River,70.4692,-68.5914,10.63,85,100,29.93,CA,2021-12-05 22:52:22
494,Bara,10.3744,10.7288,74.88,27,52,8.12,NG,2021-12-05 22:52:22
495,Buenos Aires,-34.6132,-58.3772,71.28,77,20,18.41,AR,2021-12-05 22:48:39
496,Noumea,-22.2763,166.4572,84.18,99,90,5.14,NC,2021-12-05 22:52:22
497,Santa Cruz Cabralia,-16.2781,-39.0247,79.03,83,40,3.44,BR,2021-12-05 22:50:41
498,Pundaguitan,6.3711,126.1689,80.47,78,90,11.77,PH,2021-12-05 22:52:23
499,Meadow Lake,34.8014,-106.5436,63.37,25,0,11.45,US,2021-12-05 22:52:23
500,Funtua,11.5233,7.3081,69.21,26,27,9.24,NG,2021-12-05 22:52:23
501,Sao Joao Da Barra,-21.6403,-41.0511,75.6,85,32,14.14,BR,2021-12-05 22:52:23
502,Popondetta,-8.7537,148.2534,86.22,64,83,2.53,PG,2021-12-05 22:52:24
503,Bom Jardim,-7.7958,-35.5872,74.44,85,16,9.8,BR,2021-12-05 22:52:24
504,Coos Bay,43.3665,-124.2179,56.32,86,1,8.05,US,2021-12-05 22:51:17
505,Kibre Mengist,5.8833,38.9833,51.44,73,9,2.13,ET,2021-12-05 22:52:24
506,Vihti,60.417,24.3197,5.86,83,7,5.99,FI,2021-12-05 22:52:25
507,Cockburn Town,21.4612,-71.1419,80.62,77,67,21.63,TC,2021-12-05 22:52:25
508,Sitka,57.0531,-135.33,35.49,75,90,9.22,US,2021-12-05 22:53:25
509,Rocha,-34.4833,-54.3333,61.07,97,86,5.23,UY,2021-12-05 22:53:26
510,Bolotnoye,55.6717,84.3981,25.63,92,94,15.14,RU,2021-12-05 22:53:26
511,Calama,-22.4667,-68.9333,73.89,14,84,24.16,CL,2021-12-05 22:52:22
512,Imeni Poliny Osipenko,52.4201,136.4853,-4.04,100,98,1.92,RU,2021-12-05 22:53:26
513,Frolishchi,56.4211,42.6533,17.73,87,99,6.06,RU,2021-12-05 22:53:27
514,Banda Aceh,5.5577,95.3222,76.87,84,97,8.86,ID,2021-12-05 22:53:27
515,Paamiut,61.994,-49.6678,25.16,68,100,13.98,GL,2021-12-05 22:53:27
516,Naica,27.85,-105.4833,73.27,18,100,5.75,MX,2021-12-05 22:53:28
517,Ambunti,-4.2365,142.8448,80.94,85,100,0.94,PG,2021-12-05 22:53:28
518,Zhangye,38.9342,100.4517,30.11,37,6,6.67,CN,2021-12-05 22:53:28
519,Maragheh,37.3917,46.2398,40.51,31,100,4.52,IR,2021-12-05 22:53:28
520,Roebourne,-20.7833,117.1333,89.2,26,41,18.23,AU,2021-12-05 22:53:29
521,Kurtamysh,54.9103,64.4319,22.53,93,100,4.45,RU,2021-12-05 22:53:29
522,Saldanha,-33.0117,17.9442,60.85,93,14,16.93,ZA,2021-12-05 22:50:42
523,Seydi,39.4816,62.9137,39.97,82,0,10.36,TM,2021-12-05 22:49:31
524,Komsomolskiy,40.4272,71.7189,40.42,75,100,4.61,UZ,2021-12-05 22:50:36
525,Toora-Khem,52.4675,96.11,-5.71,100,94,1.03,RU,2021-12-05 22:53:29
526,Bubaque,11.2833,-15.8333,81.54,69,100,14.07,GW,2021-12-05 22:53:30
527,Yashan,22.1975,109.9419,52.12,46,6,4.38,CN,2021-12-05 22:53:30
528,Victor Harbor,-35.5667,138.6167,78.19,77,64,2.08,AU,2021-12-05 22:53:30
529,Kautokeino,69.0125,23.0412,-21.84,100,99,6.08,NO,2021-12-05 22:53:31
530,Khor,47.8861,134.9464,25.56,89,93,9.55,RU,2021-12-05 22:53:31
531,Shenjiamen,29.9576,122.298,54.84,68,0,7.56,CN,2021-12-05 22:53:31
532,Dmytrivka,45.9717,28.9864,45.43,99,100,7.81,UA,2021-12-05 22:53:32
533,Iskateley,67.6803,53.1512,20.1,84,100,18.54,RU,2021-12-05 22:53:32
534,Bandrele,-12.9067,45.1914,80.35,89,75,4.61,YT,2021-12-05 22:53:32
535,Sorland,67.667,12.6934,26.83,65,76,10.69,NO,2021-12-05 22:53:32
536,Malibu,34.005,-118.8101,80.1,79,2,4.0,US,2021-12-05 22:50:25
537,Strelka,58.0728,93.0344,29.01,96,100,9.91,RU,2021-12-05 22:53:33
538,Balakhta,55.38,91.6,10.24,97,93,1.83,RU,2021-12-05 22:53:33
539,Slave Lake,55.2834,-114.769,1.38,60,1,10.36,CA,2021-12-05 22:50:28
540,Along,28.1667,94.7667,56.08,85,74,1.57,IN,2021-12-05 22:53:33
541,Poya,-21.35,165.15,84.83,63,16,1.7,NC,2021-12-05 22:53:34
542,Sakakah,29.9697,40.2064,60.37,39,88,8.99,SA,2021-12-05 22:53:34
543,Alugan,12.2188,125.4808,79.03,78,65,13.49,PH,2021-12-05 22:53:34
544,Oksfjord,70.2396,22.3479,29.32,77,48,9.24,NO,2021-12-05 22:53:34
545,Todos Santos,23.45,-110.2167,81.01,73,99,10.96,MX,2021-12-05 22:53:35
546,Ozinki,51.1786,49.6769,28.65,96,98,11.54,RU,2021-12-05 22:53:35
547,Puerto Narino,-3.7703,-70.3831,82.35,97,100,1.9,CO,2021-12-05 22:53:35
548,Maragogi,-9.0122,-35.2225,77.31,87,51,8.7,BR,2021-12-05 22:53:36
549,Taft,31.7471,54.2088,44.55,29,40,4.61,IR,2021-12-05 22:53:36
550,Las Vegas,36.175,-115.1372,76.82,14,20,3.0,US,2021-12-05 22:50:17
551,Katherine,-14.4667,132.2667,79.12,83,90,8.05,AU,2021-12-05 22:53:41
552,Zhuhai,22.2769,113.5678,63.99,63,0,14.97,CN,2021-12-05 22:54:37
553,Umea,63.8284,20.2597,-2.27,92,75,5.75,SE,2021-12-05 22:52:29
554,Luderitz,-26.6481,15.1594,60.75,88,0,10.04,NA,2021-12-05 22:54:37
555,Shache,38.4167,77.2406,29.34,34,100,1.9,CN,2021-12-05 22:54:37
556,Kazanskoye,55.6448,69.235,28.67,96,100,6.58,RU,2021-12-05 22:54:38
557,Doha,25.2867,51.5333,66.18,65,0,2.3,QA,2021-12-05 22:54:38
558,Launceston,-41.45,147.1667,63.61,69,90,3.0,AU,2021-12-05 22:54:38
559,Poronaysk,49.2167,143.1167,15.33,96,74,2.77,RU,2021-12-05 22:54:39
560,Saint-Joseph,-21.3667,55.6167,75.56,79,42,9.53,RE,2021-12-05 22:54:39
561,Lokosovo,61.1333,74.8167,-4.36,100,93,4.63,RU,2021-12-05 22:54:39
562,Port Macquarie,-31.4333,152.9167,69.89,69,99,6.2,AU,2021-12-05 22:54:39
563,Ust-Kuyga,70.0167,135.6,-24.59,100,100,3.15,RU,2021-12-05 22:54:40
564,Baracoa,20.3467,-74.4958,77.65,88,55,9.42,CU,2021-12-05 22:54:40
565,Fuerte Olimpo,-21.0415,-57.8738,80.04,57,60,5.01,PY,2021-12-05 22:54:40
566,Dunedin,-45.8742,170.5036,54.81,66,97,3.0,NZ,2021-12-05 22:52:38
567,Tautira,-17.7333,-149.15,86.02,74,80,16.37,PF,2021-12-05 22:54:41
568,Takoradi,4.8845,-1.7554,80.56,84,48,8.72,GH,2021-12-05 22:53:15
569,Taltal,-25.4,-70.4833,65.77,70,26,4.72,CL,2021-12-05 22:54:41
570,Savalou,7.9281,1.9756,80.69,33,79,2.91,BJ,2021-12-05 22:54:41
571,Upata,8.0086,-62.3989,79.2,80,67,5.21,VE,2021-12-05 22:54:42
572,Dzerzhinskoye,56.8344,95.2283,29.79,81,100,11.86,RU,2021-12-05 22:54:42
573,Avera,33.194,-82.5271,67.66,69,100,5.03,US,2021-12-05 22:54:22
574,Hay River,60.8156,-115.7999,-13.02,70,1,3.44,CA,2021-12-05 22:54:27
575,Batagay-Alyta,67.8006,130.4114,-20.09,98,100,2.62,RU,2021-12-05 22:54:43
576,Valparaiso,-33.0393,-71.6273,63.48,75,40,5.75,CL,2021-12-05 22:54:44
577,Rumonge,-3.9736,29.4386,72.55,79,100,3.71,BI,2021-12-05 22:54:44
578,Moose Factory,51.2585,-80.6094,8.6,85,1,5.75,CA,2021-12-05 22:54:44
579,Vila,42.0304,-8.1588,42.33,82,86,3.51,PT,2021-12-05 22:54:45
580,Beisfjord,68.3751,17.5988,12.25,59,0,8.3,NO,2021-12-05 22:54:45
581,Pokhara,28.2333,83.9833,58.51,43,0,6.31,NP,2021-12-05 22:52:44
582,Richards Bay,-28.783,32.0377,76.96,75,96,14.88,ZA,2021-12-05 22:54:45
583,Los Llanos De Aridane,28.6585,-17.9182,64.13,59,75,10.0,ES,2021-12-05 22:54:46
584,Garmsar,35.2182,52.3409,46.58,40,8,2.28,IR,2021-12-05 22:54:46
585,Miraflores,19.2167,-98.8083,72.03,46,33,5.39,MX,2021-12-05 22:54:46
586,Millinocket,45.6573,-68.7098,26.91,58,71,3.44,US,2021-12-05 22:54:47
587,Derazhnya,49.2692,27.4338,32.45,93,100,4.92,UA,2021-12-05 22:54:47
588,Zabid,14.1951,43.3152,75.0,68,2,8.1,YE,2021-12-05 22:54:47
589,Lodwar,3.1191,35.5973,81.14,50,87,11.21,KE,2021-12-05 22:54:47
590,Montesarchio,41.0654,14.6402,46.71,85,100,1.43,IT,2021-12-05 22:54:48
591,Farakka,24.8167,87.9,68.43,71,100,1.43,IN,2021-12-05 22:54:48
592,Aguimes,27.9054,-15.4461,63.23,63,40,20.71,ES,2021-12-05 22:54:48
593,Brus Laguna,15.75,-84.4833,75.34,89,25,3.24,HN,2021-12-05 22:54:49
594,Palmer,42.1584,-72.3287,39.42,61,75,5.75,US,2021-12-05 22:54:49
595,Ranong,9.9658,98.6348,69.85,88,95,5.21,TH,2021-12-05 22:54:49
596,Dana Point,33.467,-117.6981,78.94,75,0,4.0,US,2021-12-05 22:54:49
597,Lac Du Bonnet,50.2536,-96.0612,15.24,88,100,13.11,CA,2021-12-05 22:54:50
598,Sinnamary,5.3833,-52.95,77.58,88,95,8.28,GF,2021-12-05 22:55:50
599,Kiruna,67.8557,20.2251,-24.95,99,64,2.51,SE,2021-12-05 22:55:50
600,Nizwa,22.9333,57.5333,62.83,63,2,2.46,OM,2021-12-05 22:55:51
601,Sola,-13.8833,167.55,83.07,79,90,0.0,VU,2021-12-05 22:55:51
602,Esso,55.9333,158.7,2.57,91,75,7.52,RU,2021-12-05 22:55:51
603,Plettenberg Bay,-34.0527,23.3716,65.05,85,97,12.37,ZA,2021-12-05 22:55:51
604,Autazes,-3.5797,-59.1306,76.62,91,47,1.52,BR,2021-12-05 22:55:52
605,Kandrian,-6.2167,149.55,84.07,69,93,3.91,PG,2021-12-05 22:55:52
606,Talara,-4.5772,-81.2719,72.36,73,0,19.57,PE,2021-12-05 22:55:52
607,Constantine,36.365,6.6147,42.21,75,75,20.71,DZ,2021-12-05 22:55:53
608,Miracema Do Tocantins,-9.5618,-48.3967,75.7,88,56,2.01,BR,2021-12-05 22:55:53
609,Cotonou,6.3654,2.4183,84.18,84,20,10.36,BJ,2021-12-05 22:55:53
610,Kawalu,-7.3817,108.2082,73.8,91,100,2.21,ID,2021-12-05 22:55:54
611,Kutum,14.2,24.6667,63.3,23,6,7.87,SD,2021-12-05 22:55:54
612,Puerto Escondido,15.85,-97.0667,83.88,64,0,5.88,MX,2021-12-05 22:51:56
613,Fukue,32.6881,128.8419,57.38,61,100,6.24,JP,2021-12-05 22:55:54
614,Kungurtug,50.5994,97.5228,3.27,88,86,1.79,RU,2021-12-05 22:55:55
615,Maxixe,-23.8597,35.3472,76.35,86,0,8.93,MZ,2021-12-05 22:55:07
616,Emborion,40.4833,21.55,43.84,86,99,4.56,GR,2021-12-05 22:55:55
617,Dhidhdhoo,6.8833,73.1,81.18,75,44,8.37,MV,2021-12-05 22:55:56
618,Hearst,49.6835,-83.6665,14.25,93,100,5.7,CA,2021-12-05 22:53:15
619,Erdenet,49.0333,104.0833,16.63,51,15,4.9,MN,2021-12-05 22:55:56
620,Neiafu,-18.65,-173.9833,79.48,94,90,19.71,TO,2021-12-05 22:55:56
621,Saint-Augustin,51.226,-58.6502,22.55,61,100,8.1,CA,2021-12-05 22:55:57
622,Digha,21.6833,87.55,70.7,97,100,13.13,IN,2021-12-05 22:55:57
623,Ibateguara,-8.9725,-35.9394,71.51,95,36,4.81,BR,2021-12-05 22:55:57
624,Manzil Salim,35.8567,8.4765,42.8,63,72,20.6,TN,2021-12-05 22:55:57
625,Langham,52.3668,-106.9679,-2.97,91,54,9.13,CA,2021-12-05 22:55:58
626,Krasnyy Yar,46.5331,48.3456,44.53,92,95,6.6,RU,2021-12-05 22:55:58
627,Touros,-5.1989,-35.4608,83.3,78,63,15.64,BR,2021-12-05 22:53:11
628,Saint-Georges,12.0564,-61.7485,78.48,89,20,12.66,GD,2021-12-05 22:55:55
629,Saint-Ambroise,48.5501,-71.3324,9.09,85,100,4.61,CA,2021-12-05 22:55:58
630,Irricana,51.3237,-113.6048,15.15,93,91,2.8,CA,2021-12-05 22:55:59
631,Kapit,2.0167,112.9333,73.63,100,99,0.96,MY,2021-12-05 22:55:59
632,Langarud,37.197,50.1535,53.82,63,99,3.8,IR,2021-12-05 22:55:59
633,Loiza,18.4313,-65.8802,80.87,83,40,8.05,PR,2021-12-05 22:56:00
634,Blackwater,-23.5833,148.8833,78.85,65,71,12.68,AU,2021-12-05 22:54:19
635,Vao,-22.6667,167.4833,76.24,81,100,16.89,NC,2021-12-05 22:51:55
636,Pindobacu,-10.7417,-40.3608,71.06,92,21,4.59,BR,2021-12-05 22:56:00
637,Korla,41.7597,86.1469,30.16,53,100,2.15,CN,2021-12-05 22:56:00
638,Kargat,55.1956,80.2811,24.66,93,55,12.33,RU,2021-12-05 22:56:01
639,Kieta,-6.2167,155.6333,82.81,76,100,2.24,PG,2021-12-05 22:56:01
640,Gerash,27.6652,54.1371,55.31,48,89,1.74,IR,2021-12-05 22:56:01
641,Dillon,34.4166,-79.3712,65.08,78,100,8.52,US,2021-12-05 22:56:02
642,Shingu,33.7333,135.9833,50.99,88,99,4.12,JP,2021-12-05 22:56:02
643,Chokurdakh,70.6333,147.9167,-42.14,99,57,5.82,RU,2021-12-05 22:56:02
644,Kichera,55.9375,110.0997,18.1,95,100,6.38,RU,2021-12-05 22:56:02
645,Statesville,35.7826,-80.8873,58.41,55,40,0.0,US,2021-12-05 22:55:26
646,Chifeng,42.2683,118.9636,29.86,44,74,9.57,CN,2021-12-05 22:56:03
647,Kuytun,54.3419,101.5036,4.24,96,82,3.29,RU,2021-12-05 22:57:03
648,Polyarnyy,69.1989,33.4478,-5.33,85,14,27.29,RU,2021-12-05 22:57:03
649,Sandwick,60.0,-1.25,40.82,56,90,5.75,GB,2021-12-05 22:57:04
650,Nattam,10.2333,78.2333,75.47,82,21,1.34,IN,2021-12-05 22:57:04
651,Jacareacanga,-6.2222,-57.7528,75.11,95,98,1.39,BR,2021-12-05 22:54:22
652,Polson,47.6936,-114.1632,33.42,54,11,6.71,US,2021-12-05 22:57:04
653,Orlik,52.5178,99.825,-2.74,88,62,2.37,RU,2021-12-05 22:57:05
654,Narsaq,60.9167,-46.05,22.51,68,100,21.85,GL,2021-12-05 22:57:05
655,Simao,22.7886,100.9748,54.81,77,91,2.08,CN,2021-12-05 22:57:05
656,Te Anau,-45.4167,167.7167,49.57,69,80,5.5,NZ,2021-12-05 22:57:06
657,Togur,58.3631,82.8265,29.77,97,100,11.77,RU,2021-12-05 22:57:06
658,Pacifica,37.6138,-122.4869,67.71,78,1,3.0,US,2021-12-05 22:57:06
659,Tezu,27.9167,96.1667,64.22,60,91,3.06,IN,2021-12-05 22:57:06
660,Pemangkat,1.1667,108.9667,79.45,81,100,9.64,ID,2021-12-05 22:57:07
661,Ballina,-28.8667,153.5667,66.78,99,40,11.5,AU,2021-12-05 22:57:07
662,Marzuq,14.4,46.4667,59.81,39,3,1.83,YE,2021-12-05 22:57:07
663,Guaratinga,-16.5667,-39.5667,77.67,94,30,2.89,BR,2021-12-05 22:56:50
664,Masuguru,-11.3667,38.4167,74.37,86,98,5.37,TZ,2021-12-05 22:57:08
665,Warrington,53.3925,-2.5802,40.35,90,75,1.01,GB,2021-12-05 22:57:08
666,Khomeyn,33.6423,50.0789,40.91,26,13,4.81,IR,2021-12-05 22:57:08
667,Anadyr,64.75,177.4833,1.9,84,90,31.0,RU,2021-12-05 22:57:09
668,Buchmany,51.0689,28.0421,27.55,98,100,5.14,UA,2021-12-05 22:57:09
669,Yumen,40.2833,97.2,24.57,51,21,16.04,CN,2021-12-05 22:55:44
670,Kolobrzeg,54.1757,15.5834,36.97,84,100,19.44,PL,2021-12-05 22:57:09
671,San Carlos De Bariloche,-41.1456,-71.3082,85.75,11,20,3.44,AR,2021-12-05 22:57:09
672,Serenje,-13.2325,30.2352,67.89,50,23,4.92,ZM,2021-12-05 22:57:10
673,Umm Kaddadah,13.6017,26.6876,69.98,16,36,13.18,SD,2021-12-05 22:57:10
674,Manokwari,-0.8667,134.0833,81.57,76,97,3.87,ID,2021-12-05 22:53:06
675,Sao Gabriel,-30.3364,-54.32,72.93,65,23,14.36,BR,2021-12-05 22:57:10
676,Vung Tau,10.346,107.0843,75.24,80,100,2.55,VN,2021-12-05 22:57:11
677,Marystown,47.1666,-55.1483,36.86,100,98,1.01,CA,2021-12-05 22:57:11
678,Catamayo,-3.9833,-79.35,79.05,50,90,11.5,EC,2021-12-05 22:57:11
679,Judaberg,59.1659,5.8732,30.22,42,100,6.73,NO,2021-12-05 22:57:12
680,Sioux Lookout,50.1001,-91.917,21.58,93,90,3.44,CA,2021-12-05 22:57:12
681,Semey,50.4111,80.2275,20.5,83,88,9.6,KZ,2021-12-05 22:57:12
682,Pietarsaari,63.65,22.6833,9.9,92,6,5.73,FI,2021-12-05 22:57:12
683,Saurimo,-9.6608,20.3916,64.13,95,66,1.21,AO,2021-12-05 22:57:13
684,Antalaha,-14.9003,50.2788,73.76,88,8,6.08,MG,2021-12-05 22:57:13
685,Nashville,36.1659,-86.7844,68.38,81,75,8.99,US,2021-12-05 22:53:28
686,Santa Maria,-29.6842,-53.8069,81.7,54,20,6.91,BR,2021-12-05 22:54:31
687,Biak,-0.9131,122.8766,77.49,87,100,3.85,ID,2021-12-05 22:57:14
688,Kolokani,13.5728,-8.0339,72.5,16,47,10.8,ML,2021-12-05 22:57:14
689,The Valley,18.217,-63.0578,81.1,69,20,13.8,AI,2021-12-05 22:57:14
690,Zabaykalsk,49.6333,117.3167,10.83,89,7,9.26,RU,2021-12-05 22:57:14
691,El Rusio,14.4667,-86.3667,75.6,63,86,3.09,HN,2021-12-05 22:57:15
692,Moree,-29.4667,149.85,73.42,56,53,16.11,AU,2021-12-05 22:57:15
693,Pangkalanbuun,-2.6833,111.6167,74.17,98,100,1.61,ID,2021-12-05 23:07:29
694,Kaa-Khem,51.6833,94.7333,-0.49,94,81,2.75,RU,2021-12-05 23:07:29
695,Malartic,48.1335,-78.1328,10.22,89,100,5.77,CA,2021-12-05 23:07:30
696,Ayame,5.6083,-3.1563,76.37,91,7,2.15,CI,2021-12-05 23:07:30
697,Shreveport,32.5251,-93.7502,75.42,68,75,6.91,US,2021-12-05 23:07:30
698,Laguna,38.421,-121.4238,67.64,82,75,3.44,US,2021-12-05 23:06:25
699,Ulenurme,58.3162,26.7252,5.16,78,75,4.61,EE,2021-12-05 23:07:31
700,La Roche-Sur-Yon,46.6667,-1.4333,45.84,76,90,13.8,FR,2021-12-05 23:07:31
701,Verkhnyaya Inta,65.9811,60.3094,-1.07,97,99,9.15,RU,2021-12-05 23:06:42
702,Turukhansk,65.8167,87.9833,-36.74,99,21,4.63,RU,2021-12-05 23:07:31
703,Port Moresby,-9.4431,147.1797,82.02,71,100,2.8,PG,2021-12-05 23:07:31
704,Sao Jose Da Coroa Grande,-8.8978,-35.1478,77.72,86,46,9.22,BR,2021-12-05 23:07:32
